{"MSE": 22.153967737385067, "MAE": 1.0847843609689507, "R2": 0.789587306892316}