{"MSE": 57.97103720053404, "MAE": 3.0287753087553066, "R2": 0.44940598432730827}