{"MSE": 61.14254078809465, "MAE": 3.191317242909475, "R2": 0.41928385817050295}