{"MSE": 21.634460258315727, "MAE": 1.061390419376324, "R2": 0.7945214554410701}