{"MSE": 55.396839133718245, "MAE": 3.524498193971847, "R2": 0.47385505612573275}