{"MSE": 22.03155125822385, "MAE": 1.0648447553869764, "R2": 0.790749987156475}