{"MSE": 21.8010432112991, "MAE": 1.0705830352038312, "R2": 0.7929392933571238}